{
  "summary": {
    "k": 10,
    "db_path": "/Users/jonashertner/.swiss-caselaw/decisions.db",
    "db_rows": 1078177,
    "golden_path": "/Users/jonashertner/caselaw-repo-1/benchmarks/search_relevance_golden.json",
    "golden_paths": [
      "/Users/jonashertner/caselaw-repo-1/benchmarks/search_relevance_golden.json"
    ],
    "queries_total": 16,
    "queries_evaluated": 16,
    "queries_skipped": 0,
    "relevant_aliases_resolved": 0,
    "relevant_unresolved": 0,
    "mrr_at_k": 0.5115327380952381,
    "recall_at_k": 0.6875,
    "ndcg_at_k": 0.760150555503122,
    "hit_at_1": 0.375,
    "latency_ms_avg": 1061.6084660723573,
    "latency_ms_p95": 3869.738250039518,
    "by_tag": {
      "asylum": {
        "count": 3,
        "mrr_at_k": 0.3333333333333333,
        "recall_at_k": 0.5,
        "ndcg_at_k": 0.7239969327121103,
        "hit_at_1": 0.0,
        "latency_ms_avg": 3942.9650416132063
      },
      "civil": {
        "count": 1,
        "mrr_at_k": 0.14285714285714285,
        "recall_at_k": 1.0,
        "ndcg_at_k": 1.0,
        "hit_at_1": 0.0,
        "latency_ms_avg": 312.921374803409
      },
      "concept-match": {
        "count": 2,
        "mrr_at_k": 0.0,
        "recall_at_k": 0.0,
        "ndcg_at_k": 0.0,
        "hit_at_1": 0.0,
        "latency_ms_avg": 365.99741608370095
      },
      "constitutional": {
        "count": 1,
        "mrr_at_k": 1.0,
        "recall_at_k": 1.0,
        "ndcg_at_k": 1.0,
        "hit_at_1": 1.0,
        "latency_ms_avg": 80.04187513142824
      },
      "construction": {
        "count": 1,
        "mrr_at_k": 1.0,
        "recall_at_k": 1.0,
        "ndcg_at_k": 1.0,
        "hit_at_1": 1.0,
        "latency_ms_avg": 349.50537513941526
      },
      "criminal": {
        "count": 1,
        "mrr_at_k": 1.0,
        "recall_at_k": 1.0,
        "ndcg_at_k": 1.0,
        "hit_at_1": 1.0,
        "latency_ms_avg": 58.51737502962351
      },
      "cross-lingual": {
        "count": 1,
        "mrr_at_k": 1.0,
        "recall_at_k": 0.6666666666666666,
        "ndcg_at_k": 0.8838695436828513,
        "hit_at_1": 1.0,
        "latency_ms_avg": 384.8615421447903
      },
      "de": {
        "count": 9,
        "mrr_at_k": 0.5509259259259259,
        "recall_at_k": 0.6666666666666666,
        "ndcg_at_k": 0.6805007306334876,
        "hit_at_1": 0.4444444444444444,
        "latency_ms_avg": 800.1275647224652
      },
      "docket": {
        "count": 1,
        "mrr_at_k": 1.0,
        "recall_at_k": 1.0,
        "ndcg_at_k": 1.0,
        "hit_at_1": 1.0,
        "latency_ms_avg": 30.084332916885614
      },
      "employment": {
        "count": 1,
        "mrr_at_k": 0.0,
        "recall_at_k": 0.0,
        "ndcg_at_k": 0.0,
        "hit_at_1": 0.0,
        "latency_ms_avg": 642.6252911332995
      },
      "exact": {
        "count": 1,
        "mrr_at_k": 1.0,
        "recall_at_k": 1.0,
        "ndcg_at_k": 1.0,
        "hit_at_1": 1.0,
        "latency_ms_avg": 30.084332916885614
      },
      "fr": {
        "count": 3,
        "mrr_at_k": 0.5277777777777778,
        "recall_at_k": 0.6666666666666666,
        "ndcg_at_k": 0.7344211623075501,
        "hit_at_1": 0.3333333333333333,
        "latency_ms_avg": 574.4432223339876
      },
      "human-rights": {
        "count": 1,
        "mrr_at_k": 1.0,
        "recall_at_k": 1.0,
        "ndcg_at_k": 1.0,
        "hit_at_1": 1.0,
        "latency_ms_avg": 303.9972500409931
      },
      "insurance": {
        "count": 1,
        "mrr_at_k": 0.3333333333333333,
        "recall_at_k": 0.5,
        "ndcg_at_k": 0.7871546029909718,
        "hit_at_1": 0.0,
        "latency_ms_avg": 1352.5049169547856
      },
      "it": {
        "count": 1,
        "mrr_at_k": 0.14285714285714285,
        "recall_at_k": 1.0,
        "ndcg_at_k": 1.0,
        "hit_at_1": 0.0,
        "latency_ms_avg": 312.921374803409
      },
      "liability": {
        "count": 2,
        "mrr_at_k": 0.5,
        "recall_at_k": 0.3333333333333333,
        "ndcg_at_k": 0.44193477184142566,
        "hit_at_1": 0.5,
        "latency_ms_avg": 237.11554158944637
      },
      "nl": {
        "count": 3,
        "mrr_at_k": 0.5277777777777778,
        "recall_at_k": 0.6111111111111112,
        "ndcg_at_k": 0.7021828487435903,
        "hit_at_1": 0.3333333333333333,
        "latency_ms_avg": 681.3306389376521
      },
      "public-law": {
        "count": 1,
        "mrr_at_k": 0.25,
        "recall_at_k": 0.3333333333333333,
        "ndcg_at_k": 0.31939394323979897,
        "hit_at_1": 0.0,
        "latency_ms_avg": 387.48974981717765
      },
      "punctuation": {
        "count": 1,
        "mrr_at_k": 0.25,
        "recall_at_k": 0.5,
        "ndcg_at_k": 0.9173194127129571,
        "hit_at_1": 0.0,
        "latency_ms_avg": 3848.5137498937547
      },
      "quote": {
        "count": 1,
        "mrr_at_k": 0.25,
        "recall_at_k": 0.5,
        "ndcg_at_k": 0.9173194127129571,
        "hit_at_1": 0.0,
        "latency_ms_avg": 3869.738250039518
      },
      "robustness": {
        "count": 2,
        "mrr_at_k": 0.25,
        "recall_at_k": 0.5,
        "ndcg_at_k": 0.9173194127129571,
        "hit_at_1": 0.0,
        "latency_ms_avg": 3859.1259999666363
      },
      "semantic": {
        "count": 3,
        "mrr_at_k": 0.3333333333333333,
        "recall_at_k": 0.2222222222222222,
        "ndcg_at_k": 0.2946231812276171,
        "hit_at_1": 0.3333333333333333,
        "latency_ms_avg": 372.28545810406405
      },
      "tax": {
        "count": 1,
        "mrr_at_k": 0.3333333333333333,
        "recall_at_k": 1.0,
        "ndcg_at_k": 1.0,
        "hit_at_1": 0.0,
        "latency_ms_avg": 950.9783750399947
      },
      "tenancy": {
        "count": 1,
        "mrr_at_k": 0.125,
        "recall_at_k": 1.0,
        "ndcg_at_k": 1.0,
        "hit_at_1": 0.0,
        "latency_ms_avg": 213.9433331321925
      }
    }
  },
  "per_query": [
    {
      "id": "q001",
      "query": "1A.122/2005",
      "tags": [
        "docket",
        "exact"
      ],
      "status": "ok",
      "rr": 1.0,
      "recall": 1.0,
      "ndcg": 1.0,
      "hit1": 1.0,
      "latency_ms": 30.084332916885614,
      "topk_ids": [
        "bger_1A.122_2005",
        "bger_1A.121_2005",
        "bger_1A.123_2005",
        "bger_1A.120_2005",
        "bger_1A.124_2005",
        "bger_1A.125_2005",
        "bger_1A.119_2005",
        "bger_1A.118_2005",
        "bger_1A.126_2005",
        "bger_1A.127_2005"
      ],
      "matched_ranks": {
        "bger_1A.122_2005": 1,
        "bger_1A.124_2005": 5
      }
    },
    {
      "id": "q002",
      "query": "Je cherche un arrêt sur le permis de construire d'un parc éolien",
      "tags": [
        "nl",
        "fr",
        "public-law"
      ],
      "status": "ok",
      "rr": 0.25,
      "recall": 0.3333333333333333,
      "ndcg": 0.31939394323979897,
      "hit1": 0.0,
      "latency_ms": 387.48974981717765,
      "topk_ids": [
        "bger_1C_500_2023",
        "be_verwaltungsgericht_100_2019_297",
        "bger_1C_33_2011",
        "bger_1A.124_2005",
        "vd_omni_AC.2016.0243",
        "vd_omni_AC.2019.0372",
        "ne_gerichte_CDP.2022.149",
        "vd_omni_AC.2017.0208",
        "bger_1C_407_2020",
        "vd_omni_AC.2016.0103"
      ],
      "matched_ranks": {
        "bger_1A.124_2005": 4
      }
    },
    {
      "id": "q003",
      "query": "Art. 8 EMRK Umwandlung des Status der vorläufigen Aufnahme",
      "tags": [
        "nl",
        "de",
        "human-rights"
      ],
      "status": "ok",
      "rr": 1.0,
      "recall": 1.0,
      "ndcg": 1.0,
      "hit1": 1.0,
      "latency_ms": 303.9972500409931,